{
  "train_rewards": [
    0.005223577740745086,
    0.005688423711407936,
    0.0023555952768576035,
    0.0042738892579219576,
    0.014612432574893431,
    0.003522436526299483,
    0.0016205518335357788,
    0.0037447837904003834,
    0.0,
    0.004792230160209378,
    0.002502872981181786,
    0.009036923864070349,
    0.0011651695044990595,
    0.0019041333425677816,
    0.010959945194670757,
    0.0027960840355090765,
    0.0037052524776436963,
    0.0018054761209346086,
    0.0032059351937979872,
    0.007006454655254524,
    0.03913497061366103,
    0.0028101263851395436,
    0.004099072484211509,
    0.11362193664674995,
    0.021422312085692924,
    0.0063548059933432955,
    0.002324796558859722,
    0.013566908924318232,
    0.0030201172981498357,
    0.009410489957951634,
    0.003945047560757306,
    0.0029172331677203463,
    0.002080411470438274,
    0.0,
    0.0,
    0.01757776140157078,
    0.03251851632960929,
    0.0,
    0.028517539529041507,
    0.0,
    0.004620856909230222,
    0.003330819561259882,
    0.0065550184934083005,
    0.005157142709886005,
    0.0072658577559704465,
    0.003000012090121809,
    0.0032630652888198785,
    0.003222032525443656,
    0.003719542837289603,
    0.0,
    0.005648892151960285,
    0.003110731674802993,
    0.0,
    0.010862721615727716,
    0.006305393737187353,
    0.007614157248654602,
    0.008839374326825921,
    0.0,
    0.0,
    0.010526316597195988,
    0.0037436402457449933,
    0.006451975304890824,
    0.008230012431578919,
    0.0,
    0.009871721786705418,
    0.0,
    0.0,
    0.009186672262412125,
    0.0017756724409141499,
    0.00573266357227443,
    0.0,
    0.0,
    0.0,
    0.0,
    0.00824672896946456,
    0.0,
    0.0,
    0.0,
    0.004009863323793348,
    0.0,
    0.006794188756389738
  ],
  "val_rewards": [
    0.014581882211597197
  ],
  "test_rewards": 0.007366690088125969,
  "best_reward": -Infinity,
  "best_epoch": 0,
  "training_time": 2809.580088853836,
  "start_time": 1744167053.7182581,
  "memory_usage": [
    {
      "ram_used": 1224.6640625,
      "ram_percent": 4.6,
      "gpu_used": 3504.98486328125,
      "gpu_cached": 3522.0
    },
    {
      "ram_used": 2097.76171875,
      "ram_percent": 5.9,
      "gpu_used": 7025.51513671875,
      "gpu_cached": 10018.0
    },
    {
      "ram_used": 2101.51953125,
      "ram_percent": 6.0,
      "gpu_used": 7025.51513671875,
      "gpu_cached": 22246.0
    },
    {
      "ram_used": 2101.51953125,
      "ram_percent": 6.0,
      "gpu_used": 7025.51513671875,
      "gpu_cached": 22246.0
    },
    {
      "ram_used": 2109.1015625,
      "ram_percent": 6.0,
      "gpu_used": 7025.51513671875,
      "gpu_cached": 22436.0
    },
    {
      "ram_used": 2109.359375,
      "ram_percent": 6.0,
      "gpu_used": 7025.51513671875,
      "gpu_cached": 8128.0
    },
    {
      "ram_used": 2115.6640625,
      "ram_percent": 6.0,
      "gpu_used": 7025.51513671875,
      "gpu_cached": 12340.0
    },
    {
      "ram_used": 2115.6640625,
      "ram_percent": 6.0,
      "gpu_used": 7025.51513671875,
      "gpu_cached": 14468.0
    },
    {
      "ram_used": 2128.9765625,
      "ram_percent": 6.0,
      "gpu_used": 7025.51513671875,
      "gpu_cached": 14468.0
    },
    {
      "ram_used": 2128.9765625,
      "ram_percent": 6.0,
      "gpu_used": 7025.51513671875,
      "gpu_cached": 14468.0
    },
    {
      "ram_used": 2130.5234375,
      "ram_percent": 6.0,
      "gpu_used": 7025.51513671875,
      "gpu_cached": 8128.0
    },
    {
      "ram_used": 2130.5234375,
      "ram_percent": 6.0,
      "gpu_used": 7025.51513671875,
      "gpu_cached": 12454.0
    },
    {
      "ram_used": 2130.5234375,
      "ram_percent": 6.0,
      "gpu_used": 7025.51513671875,
      "gpu_cached": 14210.0
    },
    {
      "ram_used": 2130.78125,
      "ram_percent": 6.0,
      "gpu_used": 7025.51513671875,
      "gpu_cached": 15110.0
    },
    {
      "ram_used": 2130.78125,
      "ram_percent": 6.0,
      "gpu_used": 7025.51513671875,
      "gpu_cached": 15110.0
    },
    {
      "ram_used": 2130.78125,
      "ram_percent": 6.0,
      "gpu_used": 7025.51513671875,
      "gpu_cached": 8128.0
    },
    {
      "ram_used": 2131.33203125,
      "ram_percent": 6.0,
      "gpu_used": 7025.51513671875,
      "gpu_cached": 12300.0
    },
    {
      "ram_used": 2131.33203125,
      "ram_percent": 6.0,
      "gpu_used": 7025.51513671875,
      "gpu_cached": 14540.0
    },
    {
      "ram_used": 2131.33203125,
      "ram_percent": 6.0,
      "gpu_used": 7025.51513671875,
      "gpu_cached": 14612.0
    },
    {
      "ram_used": 2132.421875,
      "ram_percent": 6.0,
      "gpu_used": 7025.51513671875,
      "gpu_cached": 20772.0
    },
    {
      "ram_used": 2132.421875,
      "ram_percent": 6.0,
      "gpu_used": 7025.51513671875,
      "gpu_cached": 8128.0
    },
    {
      "ram_used": 2132.421875,
      "ram_percent": 6.0,
      "gpu_used": 7025.51513671875,
      "gpu_cached": 12980.0
    },
    {
      "ram_used": 2132.6796875,
      "ram_percent": 6.0,
      "gpu_used": 7026.83349609375,
      "gpu_cached": 18110.0
    },
    {
      "ram_used": 2132.6796875,
      "ram_percent": 6.0,
      "gpu_used": 7026.83349609375,
      "gpu_cached": 22012.0
    },
    {
      "ram_used": 2132.9375,
      "ram_percent": 6.0,
      "gpu_used": 7026.83349609375,
      "gpu_cached": 22290.0
    },
    {
      "ram_used": 2132.9375,
      "ram_percent": 6.0,
      "gpu_used": 7026.83349609375,
      "gpu_cached": 8128.0
    },
    {
      "ram_used": 2132.9375,
      "ram_percent": 6.0,
      "gpu_used": 7026.83349609375,
      "gpu_cached": 12304.0
    },
    {
      "ram_used": 2132.9375,
      "ram_percent": 6.0,
      "gpu_used": 7026.83349609375,
      "gpu_cached": 14212.0
    },
    {
      "ram_used": 2132.9375,
      "ram_percent": 6.0,
      "gpu_used": 7026.83349609375,
      "gpu_cached": 18612.0
    },
    {
      "ram_used": 2132.9375,
      "ram_percent": 6.0,
      "gpu_used": 7026.83349609375,
      "gpu_cached": 18612.0
    },
    {
      "ram_used": 2132.9375,
      "ram_percent": 6.0,
      "gpu_used": 7026.83349609375,
      "gpu_cached": 8128.0
    },
    {
      "ram_used": 2132.9375,
      "ram_percent": 6.0,
      "gpu_used": 7026.83349609375,
      "gpu_cached": 12432.0
    },
    {
      "ram_used": 2134.04296875,
      "ram_percent": 6.0,
      "gpu_used": 7026.83642578125,
      "gpu_cached": 14294.0
    },
    {
      "ram_used": 2236.14453125,
      "ram_percent": 6.1,
      "gpu_used": 10530.30517578125,
      "gpu_cached": 14708.0
    },
    {
      "ram_used": 2236.40234375,
      "ram_percent": 6.1,
      "gpu_used": 14033.77783203125,
      "gpu_cached": 15896.0
    },
    {
      "ram_used": 2236.66015625,
      "ram_percent": 6.1,
      "gpu_used": 14033.77783203125,
      "gpu_cached": 16640.0
    },
    {
      "ram_used": 2236.66015625,
      "ram_percent": 6.1,
      "gpu_used": 14033.77783203125,
      "gpu_cached": 14426.0
    },
    {
      "ram_used": 2236.66015625,
      "ram_percent": 6.2,
      "gpu_used": 14033.77783203125,
      "gpu_cached": 15460.0
    },
    {
      "ram_used": 2236.66015625,
      "ram_percent": 6.2,
      "gpu_used": 14033.77783203125,
      "gpu_cached": 16080.0
    },
    {
      "ram_used": 2236.91796875,
      "ram_percent": 6.2,
      "gpu_used": 14033.77783203125,
      "gpu_cached": 17380.0
    },
    {
      "ram_used": 2236.91796875,
      "ram_percent": 6.2,
      "gpu_used": 14033.77783203125,
      "gpu_cached": 17860.0
    },
    {
      "ram_used": 2236.91796875,
      "ram_percent": 6.1,
      "gpu_used": 14033.77783203125,
      "gpu_cached": 14426.0
    },
    {
      "ram_used": 2236.91796875,
      "ram_percent": 6.1,
      "gpu_used": 14033.77783203125,
      "gpu_cached": 15334.0
    },
    {
      "ram_used": 2236.91796875,
      "ram_percent": 6.1,
      "gpu_used": 14033.77783203125,