{
  "train_rewards": [
    0.0031739887910989923
  ],
  "val_rewards": [
    0.002579424202424201
  ],
  "best_reward": 0.002579424202424201,
  "best_epoch": 1,
  "training_time": 31734.711131811142,
  "start_time": 1744038304.974572,
  "val_precision": [
    0.12522949831804198,
    0.12122917150458515
  ],
  "val_recall": [
    0.277358132891178,
    0.23839150783137483
  ],
  "val_f1": [
    0.15318578743594485,
    0.14694546593569313
  ],
  "val_css": [
    0.09654579186522354,
    0.09252261772681031
  ],
  "test_precision": 0.12122917150458515,
  "test_recall": 0.23839150783137483,
  "test_f1": 0.14694546593569313,
  "test_css": 0.09252261772681031,
  "val_metrics": [
    {
      "precision": 0.12522949831804198,
      "recall": 0.277358132891178,
      "f1": 0.15318578743594485,
      "css": 0.09654579186522354
    },
    {
      "precision": 0.12122917150458515,
      "recall": 0.23839150783137483,
      "f1": 0.14694546593569313,
      "css": 0.09252261772681031
    }
  ],
  "test_reward": 0.0007763264945815475
}