{
  "train_rewards": [
    0.0037421252027206387,
    0.004106945264101072,
    0.012778913200884952,
    0.01088685071074122,
    0.004863083928997274,
    0.0022826355484038443,
    0.002532852851560384,
    0.003593400513595791,
    0.0,
    0.0011890789589563506,
    0.002877533669929391,
    0.0039610343210404915,
    0.0020057117418273945,
    0.003466177668004063,
    0.008564107283523721,
    0.0446323613785333,
    0.0017132810375564778,
    0.0013221865073252236,
    0.004047389043510445,
    0.002477851671914089,
    0.021288283932124175,
    0.0018028298453547382,
    0.006120282689515751,
    0.012300686288463768,
    0.008377813158441627,
    0.01700463072175106,
    0.0026348495048119725,
    0.004622337030860825,
    0.0006141333901406442,
    0.019383418023456653,
    0.0018213747351209873,
    0.009366074330005709,
    0.0,
    0.02674901030244325,
    0.0024735945764034315,
    4.78676565589751e-05,
    0.016898369320139536,
    0.0049846282507060285,
    0.027374823943744537,
    0.018862118915237463,
    0.0034254877917802577,
    0.0,
    0.0014330016486431372,
    0.0018954727341573354,
    0.002049413023138613,
    0.022435041633875972,
    0.005394238946890844,
    0.0014259843823805614,
    0.0010413638965244398,
    0.0,
    0.0,
    0.02498549469763276,
    0.0,
    0.0,
    0.0032877588232977204,
    0.046962315661750485,
    0.0,
    0.0,
    0.0,
    0.0,
    0.0,
    0.0037166296066204222,
    0.0035548168188028837,
    0.0,
    0.004768331284036358,
    0.0026207088776367504,
    0.0,
    0.0,
    0.0,
    0.024503568451429897,
    0.006980361417366381,
    0.012930512089935809,
    0.0,
    0.002419707747815489,
    0.005682450223219864,
    0.0,
    0.0,
    0.0,
    0.004009863323793348,
    0.006244385951234721,
    0.006444219451879641
  ],
  "val_rewards": [
    0.0034462159116509967
  ],
  "test_rewards": 0.004040274435616254,
  "best_reward": -Infinity,
  "best_epoch": 0,
  "training_time": 3945.8722467422485,
  "start_time": 1744174245.5991106,
  "memory_usage": [
    {
      "ram_used": 2996.7578125,
      "ram_percent": 8.1,
      "gpu_used": 2374.52392578125,
      "gpu_cached": 3150.0
    },
    {
      "ram_used": 3514.6640625,
      "ram_percent": 8.8,
      "gpu_used": 2419.42626953125,
      "gpu_cached": 4654.0
    },
    {
      "ram_used": 3516.24609375,
      "ram_percent": 8.8,
      "gpu_used": 2419.92919921875,
      "gpu_cached": 5204.0
    },
    {
      "ram_used": 3517.12890625,
      "ram_percent": 8.8,
      "gpu_used": 2419.9384765625,
      "gpu_cached": 5206.0
    },
    {
      "ram_used": 3519.83203125,
      "ram_percent": 8.8,
      "gpu_used": 2419.26220703125,
      "gpu_cached": 3360.0
    },
    {
      "ram_used": 3520.34765625,
      "ram_percent": 8.8,
      "gpu_used": 2420.33154296875,
      "gpu_cached": 2690.0
    },
    {
      "ram_used": 3520.60546875,
      "ram_percent": 8.8,
      "gpu_used": 2419.9873046875,
      "gpu_cached": 3404.0
    },
    {
      "ram_used": 3520.60546875,
      "ram_percent": 8.8,
      "gpu_used": 2419.61962890625,
      "gpu_cached": 3820.0
    },
    {
      "ram_used": 3569.00390625,
      "ram_percent": 8.9,
      "gpu_used": 2445.451171875,
      "gpu_cached": 2810.0
    },
    {
      "ram_used": 3571.3203125,
      "ram_percent": 8.9,
      "gpu_used": 2471.181640625,
      "gpu_cached": 2954.0
    },
    {
      "ram_used": 3573.69921875,
      "ram_percent": 8.9,
      "gpu_used": 2470.18212890625,
      "gpu_cached": 2818.0
    },
    {
      "ram_used": 3574.21484375,
      "ram_percent": 8.9,
      "gpu_used": 2470.5869140625,
      "gpu_cached": 4116.0
    },
    {
      "ram_used": 3575.24609375,
      "ram_percent": 8.9,
      "gpu_used": 2470.59619140625,
      "gpu_cached": 3560.0
    },
    {
      "ram_used": 3575.24609375,
      "ram_percent": 8.9,
      "gpu_used": 2470.6826171875,
      "gpu_cached": 4858.0
    },
    {
      "ram_used": 3575.55859375,
      "ram_percent": 8.9,
      "gpu_used": 2470.85546875,
      "gpu_cached": 3396.0
    },
    {
      "ram_used": 3575.55859375,
      "ram_percent": 8.9,
      "gpu_used": 2470.93896484375,
      "gpu_cached": 2822.0
    },
    {
      "ram_used": 3575.55859375,
      "ram_percent": 8.9,
      "gpu_used": 2445.2275390625,
      "gpu_cached": 3134.0
    },
    {
      "ram_used": 3575.55859375,
      "ram_percent": 8.9,
      "gpu_used": 2470.8642578125,
      "gpu_cached": 4152.0
    },
    {
      "ram_used": 3576.07421875,
      "ram_percent": 8.9,
      "gpu_used": 2470.3291015625,
      "gpu_cached": 3126.0
    },
    {
      "ram_used": 3576.58984375,
      "ram_percent": 8.9,
      "gpu_used": 2470.544921875,
      "gpu_cached": 4948.0
    },
    {
      "ram_used": 3576.58984375,
      "ram_percent": 8.9,
      "gpu_used": 2470.7529296875,
      "gpu_cached": 2766.0
    },
    {
      "ram_used": 3577.10546875,
      "ram_percent": 8.9,
      "gpu_used": 2470.537109375,
      "gpu_cached": 4782.0
    },
    {
      "ram_used": 3577.10546875,
      "ram_percent": 8.9,
      "gpu_used": 2471.490234375,
      "gpu_cached": 5258.0
    },
    {
      "ram_used": 3577.10546875,
      "ram_percent": 8.9,
      "gpu_used": 2471.08447265625,
      "gpu_cached": 5256.0
    },
    {
      "ram_used": 3577.36328125,
      "ram_percent": 8.9,
      "gpu_used": 2445.45166015625,
      "gpu_cached": 2910.0
    },
    {
      "ram_used": 3578.390625,
      "ram_percent": 9.0,
      "gpu_used": 2470.39697265625,
      "gpu_cached": 2744.0
    },
    {
      "ram_used": 3578.390625,
      "ram_percent": 9.0,
      "gpu_used": 2470.5966796875,
      "gpu_cached": 3344.0
    },
    {
      "ram_used": 3578.90625,
      "ram_percent": 8.9,
      "gpu_used": 2470.32275390625,
      "gpu_cached": 3576.0
    },
    {
      "ram_used": 3578.90625,
      "ram_percent": 8.9,
      "gpu_used": 2470.685546875,
      "gpu_cached": 4840.0
    },
    {
      "ram_used": 3578.90625,
      "ram_percent": 8.9,
      "gpu_used": 2470.75927734375,
      "gpu_cached": 3180.0
    },
    {
      "ram_used": 3578.90625,
      "ram_percent": 9.4,
      "gpu_used": 2471.087890625,
      "gpu_cached": 2768.0
    },
    {
      "ram_used": 3578.90625,
      "ram_percent": 9.4,
      "gpu_used": 2470.26318359375,
      "gpu_cached": 3984.0
    },
    {
      "ram_used": 3579.421875,
      "ram_percent": 9.4,
      "gpu_used": 2444.70166015625,
      "gpu_cached": 3474.0
    },
    {
      "ram_used": 3579.421875,
      "ram_percent": 9.4,
      "gpu_used": 2470.56396484375,
      "gpu_cached": 4408.0
    },
    {
      "ram_used": 3579.421875,
      "ram_percent": 9.4,
      "gpu_used": 2470.98828125,
      "gpu_cached": 3042.0
    },
    {
      "ram_used": 3579.421875,
      "ram_percent": 9.4,
      "gpu_used": 2470.70654296875,
      "gpu_cached": 2776.0
    },
    {
      "ram_used": 3579.9375,
      "ram_percent": 9.4,
      "gpu_used": 2470.31298828125,
      "gpu_cached": 3442.0
    },
    {
      "ram_used": 3579.9375,
      "ram_percent": 9.4,
      "gpu_used": 2470.802734375,
      "gpu_cached": 4046.0
    },
    {
      "ram_used": 3580.96875,
      "ram_percent": 9.5,
      "gpu_used": 2470.49755859375,
      "gpu_cached": 4970.0
    },
    {
      "ram_used": 3580.96875,
      "ram_percent": 9.4,
      "gpu_used": 2470.79150390625,
      "gpu_cached": 3922.0
    },
    {
      "ram_used": 3580.96875,
      "ram_percent": 9.4,
      "gpu_used": 2444.70361328125,
      "gpu_cached": 2762.0
    },
    {
      "ram_used": 3580.96875,
      "ram_percent": 9.4,
      "gpu_used": 2470.55712890625,
      "gpu_cached": 3226.0
    },
    {
      "ram_used": 3580.96875,
      "ram_percent": 9.4,
      "gpu_used": 2471.220703125,
      "gpu_cached": 2938.0
    },
    {
      "ram_used": 3581.2265625,
      "ram_percent": 9.5,
      "gpu_used": 2470.92529296875,
      "gpu_cached": 5262.0
    },
    {
      "ram_used": 3581.2265625,
      "ram_percent": 9.4,
      "gpu_used": 2470.31884765625,