{
  "train_rewards": [
    0.0018967254275021094,
    0.0018960571476291613,
    0.01141943162721012,
    0.01189008964673665,
    0.015170687183605524,
    0.0013598709990270948,
    0.0020632861907783676,
    0.02071568233975157,
    0.0,
    0.002531617871828017,
    0.0029172331677203463,
    0.010052917730344396,
    0.001240344865209797,
    0.0024660355168605454,
    0.009758968365720624,
    0.004852896131759834,
    0.0006681692642877468,
    0.0016856675623267536,
    0.002286375161681812,
    0.0038996043298268617,
    0.02015227965937009,
    0.0020364128919134737,
    0.011105787175804727,
    0.006716472052354862,
    0.009817754416721742,
    0.01700463072175106,
    0.005011724662824517,
    0.0037519004950821457,
    0.0015867217325385946,
    0.0151463165231073,
    0.004141342303105835,
    0.0022355476119537724,
    0.0,
    0.0027698842755803253,
    0.033031643180138064,
    0.018498799075443374,
    0.0018819088728501284,
    0.002336910419629112,
    0.0028030624560832816,
    0.002406708909740718,
    0.0,
    0.0,
    0.0010810458871078673,
    0.003686157786230468,
    0.003372907774224276,
    0.005595782361065524,
    0.003926452686617884,
    0.0043745086120732125,
    0.0009217219814987746,
    0.0,
    0.002877533669929391,
    0.007114192125379758,
    0.0,
    0.0,
    0.003421983513939922,
    0.05387337077399883,
    0.00366753025392797,
    0.0,
    0.0,
    0.0,
    0.0014058093834917794,
    0.0,
    0.0,
    0.0,
    0.006300866737996583,
    0.0033975222869328404,
    0.002327858015472133,
    0.0005013703631457652,
    0.0,
    0.007695205707311153,
    0.0,
    0.003330819561259882,
    0.0,
    0.0,
    0.00214719749492875,
    0.0,
    0.0,
    0.0,
    0.011651456355788622,
    0.0,
    0.005048484516226524
  ],
  "val_rewards": [
    0.005094289396808549
  ],
  "test_rewards": 0.00171233770188664,
  "best_reward": -Infinity,
  "best_epoch": 0,
  "training_time": 3618.3944976329803,
  "start_time": 1744178605.7599533,
  "memory_usage": [
    {
      "ram_used": 3077.484375,
      "ram_percent": 7.1,
      "gpu_used": 2400.11767578125,
      "gpu_cached": 3176.0
    },
    {
      "ram_used": 3596.08984375,
      "ram_percent": 7.9,
      "gpu_used": 2470.39404296875,
      "gpu_cached": 4682.0
    },
    {
      "ram_used": 3598.69921875,
      "ram_percent": 7.9,
      "gpu_used": 2470.79150390625,
      "gpu_cached": 5258.0
    },
    {
      "ram_used": 3600.09765625,
      "ram_percent": 7.9,
      "gpu_used": 2470.7841796875,
      "gpu_cached": 5258.0
    },
    {
      "ram_used": 3600.90234375,
      "ram_percent": 7.9,
      "gpu_used": 2471.15771484375,
      "gpu_cached": 3414.0
    },
    {
      "ram_used": 3601.67578125,
      "ram_percent": 7.9,
      "gpu_used": 2470.326171875,
      "gpu_cached": 2740.0
    },
    {
      "ram_used": 3601.93359375,
      "ram_percent": 7.9,
      "gpu_used": 2470.46435546875,
      "gpu_cached": 3456.0
    },
    {
      "ram_used": 3602.70703125,
      "ram_percent": 7.9,
      "gpu_used": 2470.2529296875,
      "gpu_cached": 3870.0
    },
    {
      "ram_used": 3650.33203125,
      "ram_percent": 8.0,
      "gpu_used": 2522.18798828125,
      "gpu_cached": 2868.0
    },
    {
      "ram_used": 3653.68359375,
      "ram_percent": 8.0,
      "gpu_used": 2572.740234375,
      "gpu_cached": 3030.0
    },
    {
      "ram_used": 3654.515625,
      "ram_percent": 8.0,
      "gpu_used": 2573.36962890625,
      "gpu_cached": 2916.0
    },
    {
      "ram_used": 3655.2890625,
      "ram_percent": 8.0,
      "gpu_used": 2572.796875,
      "gpu_cached": 4212.0
    },
    {
      "ram_used": 3655.8046875,
      "ram_percent": 8.0,
      "gpu_used": 2572.81201171875,
      "gpu_cached": 3662.0
    },
    {
      "ram_used": 3656.3203125,
      "ram_percent": 8.0,
      "gpu_used": 2573.84130859375,
      "gpu_cached": 4964.0
    },
    {
      "ram_used": 3656.3203125,
      "ram_percent": 8.0,
      "gpu_used": 2573.203125,
      "gpu_cached": 3498.0
    },
    {
      "ram_used": 3656.3203125,
      "ram_percent": 8.0,
      "gpu_used": 2573.712890625,
      "gpu_cached": 2916.0
    },
    {
      "ram_used": 3658.953125,
      "ram_percent": 8.0,
      "gpu_used": 2521.71630859375,
      "gpu_cached": 3230.0
    },
    {
      "ram_used": 3658.953125,
      "ram_percent": 8.0,
      "gpu_used": 2573.04833984375,
      "gpu_cached": 4228.0
    },
    {
      "ram_used": 3659.2109375,
      "ram_percent": 8.0,
      "gpu_used": 2573.58056640625,
      "gpu_cached": 3232.0
    },
    {
      "ram_used": 3659.46875,
      "ram_percent": 8.0,
      "gpu_used": 2572.9423828125,
      "gpu_cached": 5048.0
    },
    {
      "ram_used": 3659.46875,
      "ram_percent": 8.0,
      "gpu_used": 2572.849609375,
      "gpu_cached": 2852.0
    },
    {
      "ram_used": 3659.46875,
      "ram_percent": 8.0,
      "gpu_used": 2572.93115234375,
      "gpu_cached": 4882.0
    },
    {
      "ram_used": 3659.7265625,
      "ram_percent": 8.0,
      "gpu_used": 2573.86962890625,
      "gpu_cached": 5360.0
    },
    {
      "ram_used": 3659.7265625,
      "ram_percent": 8.0,
      "gpu_used": 2573.435546875,
      "gpu_cached": 5360.0
    },
    {
      "ram_used": 3659.7265625,
      "ram_percent": 8.0,
      "gpu_used": 2522.10791015625,
      "gpu_cached": 2996.0
    },
    {
      "ram_used": 3659.7265625,
      "ram_percent": 8.0,
      "gpu_used": 2572.81201171875,
      "gpu_cached": 2824.0
    },
    {
      "ram_used": 3659.984375,
      "ram_percent": 8.0,
      "gpu_used": 2573.2275390625,
      "gpu_cached": 3446.0
    },
    {
      "ram_used": 3659.984375,
      "ram_percent": 8.0,
      "gpu_used": 2573.14013671875,
      "gpu_cached": 3678.0
    },
    {
      "ram_used": 3660.5546875,
      "ram_percent": 8.0,
      "gpu_used": 2572.99560546875,
      "gpu_cached": 4946.0
    },
    {
      "ram_used": 3660.5546875,
      "ram_percent": 8.0,
      "gpu_used": 2572.771484375,
      "gpu_cached": 3280.0
    },
    {
      "ram_used": 3660.5546875,
      "ram_percent": 8.0,
      "gpu_used": 2573.12451171875,
      "gpu_cached": 2836.0
    },
    {
      "ram_used": 3660.5546875,
      "ram_percent": 8.0,
      "gpu_used": 2572.80615234375,
      "gpu_cached": 4086.0
    },
    {
      "ram_used": 3660.5546875,
      "ram_percent": 8.0,
      "gpu_used": 2521.88623046875,
      "gpu_cached": 3556.0
    },
    {
      "ram_used": 3660.5546875,
      "ram_percent": 8.0,
      "gpu_used": 2573.775390625,
      "gpu_cached": 4482.0
    },
    {
      "ram_used": 3660.5546875,
      "ram_percent": 8.0,
      "gpu_used": 2572.14501953125,
      "gpu_cached": 3150.0
    },
    {
      "ram_used": 3660.5546875,
      "ram_percent": 8.0,
      "gpu_used": 2573.8056640625,
      "gpu_cached": 2846.0
    },
    {
      "ram_used": 3660.8125,
      "ram_percent": 8.0,
      "gpu_used": 2572.72119140625,
      "gpu_cached": 3546.0
    },
    {
      "ram_used": 3660.8125,
      "ram_percent": 8.0,
      "gpu_used": 2573.09423828125,
      "gpu_cached": 4150.0
    },
    {
      "ram_used": 3661.5859375,
      "ram_percent": 8.0,
      "gpu_used": 2573.1689453125,
      "gpu_cached": 5072.0
    },
    {
      "ram_used": 3661.5859375,
      "ram_percent": 8.0,
      "gpu_used": 2572.74169921875,
      "gpu_cached": 4026.0
    },
    {
      "ram_used": 3661.5859375,
      "ram_percent": 8.0,
      "gpu_used": 2521.55322265625,
      "gpu_cached": 2828.0
    },
    {
      "ram_used": 3661.5859375,
      "ram_percent": 8.0,
      "gpu_used": 2573.623046875,
      "gpu_cached": 3300.0
    },
    {
      "ram_used": 3661.5859375,
      "ram_percent": 8.0,
      "gpu_used": 2573.712890625,
      "gpu_cached": 3046.0
    },
    {
      "ram_used": 3661.5859375,
      "ram_percent": 8.0,
      "gpu_used": 2573.44384765625,
      "gpu_cached": 5376.0
    },
    {
      "ram_used": 3661.5859375,
      "ram_percent": 8.0,
      "gpu_used": 2573.7177734375,