{
  "precision": 0.12239723760519826,
  "recall": 0.28359821723413153,
  "f1": 0.15071825059303645,
  "css": 0.10164040556498065
}